Record ID,User ID,User Name,Age,Gender,City,Height (cm),Weight (kg),Workout Type,Workout Duration (Minutes),Calories Burned,Steps,Heart Rate (BPM),Resting Heart Rate (BPM),Sleep Hours,Water Intake (Liters),Daily Calories Intake,Workout Frequency,Fitness Level,Activity Date
1,54,Sana Siddiqui,19,Female,Islamabad,162.5,60.4,Yoga,61.8,226.0,7368,132.0,73,5.3,4.98,2211,7,Advanced,2025-08-28
2,41,Sara Shah,19,Male,Lahore,181.2,72.6,Weight Training,49.0,353.5,13447,127.0,70,6.5,0.3,2208,5,Advanced,2025-11-19
3,16,Asad Butt,30,Male,Rawalpindi,0.0,72.9,Cardio,71.2,631.3,16951,108.0,55,6.1,2.46,2297,4,Advanced,2025-10-08
4,60,Hamza Khan,52,Female,Peshawar,149.5,50.4,Cardio,56.0,604.5,6146,121.0,66,8.3,2.55,3066,6,Intermediate,2025-05-04
5,60,Hamza Khan,52,Female,Peshawar,149.5,50.4,Swimming,61.5,580.0,8353,150.0,63,7.4,3.9,2568,4,Intermediate,2025-03-25
6,9,Imran Farooq,38,Female,Multan,151.7,56.4,Swimming,47.9,438.9,7073,134.0,72,7.1,0.51,2169,6,Intermediate,2025-05-07
7,45,Asad Iqbal,39,Female,Multan,164.5,45.0,Swimming,58.3,738.8,3405,128.0,65,7.6,2.67,2058,3,Intermediate,2025-04-21
8,53,Ayesha Ahmed,48,Male,Multan,197.3,79.0,Cardio,49.4,488.0,4807,108.0,53,4.9,2.4,3042,6,Beginner,2025-02-23
9,26,Junaid Butt,36,Female,Faisalabad,168.2,72.3,Cycling,46.9,482.0,6330,143.0,77,4.5,1.99,2624,4,Intermediate,2025-03-06
10,44,Sara Ahmed,49,Female,Lahore,158.6,66.0,Weight Training,50.4,355.4,6628,148.0,69,6.6,3.19,2502,4,Beginner,2025-04-17
11,23,Tariq Ahmed,61,Male,Peshawar,188.8,54.7,Running,54.2,528.9,5196,100.0,57,6.1,1.71,1200,6,Intermediate,2025-10-10
12,13,Hamza Khan,52,Male,Lahore,177.5,70.3,Cardio,38.8,263.4,12761,0.0,62,6.8,1.63,1985,3,Advanced,2025-07-15
13,28,Imran Ahmed,40,Male,Peshawar,188.1,82.8,Cycling,66.9,441.8,8169,151.0,76,6.2,2.34,2039,5,Intermediate,2025-08-27
14,17,Kamran Chaudhry,23,Female,Faisalabad,151.6,62.3,Swimming,83.1,916.5,3623,141.0,72,7.2,3.03,1866,7,Advanced,2025-03-30
15,23,Tariq Ahmed,61,Male,Peshawar,188.8,54.7,Walking,52.1,183.3,6907,97.0,75,7.3,2.75,2395,3,Intermediate,2025-11-24
16,38,Mahnoor Chaudhry,54,Male,Multan,174.1,86.9,Weight Training,35.2,196.7,10815,96.0,71,,2.16,2494,4,Intermediate,2025-11-13
17,21,Komal Khan,29,Male,Lahore,174.9,57.9,Cardio,29.5,257.6,6321,155.0,69,6.4,1.71,1621,7,Beginner,2025-09-01
18,2,Ayesha Farooq,41,Male,Quetta,171.6,80.0,Weight Training,61.6,419.2,13970,121.0,64,6.9,2.65,2721,4,Advanced,2025-03-18
19,22,Adeel Khan,19,Female,Multan,157.4,65.0,Cardio,27.3,206.8,6396,134.0,63,8.2,1.85,2148,4,Beginner,2025-01-15
20,52,Usman Butt,50,Male,Karachi,189.8,72.0,Running,50.2,521.0,5384,115.0,86,8.2,1.83,2265,7,Intermediate,2025-02-09
21,36,Komal Khan,45,Male,Faisalabad,181.0,82.7,HIIT,82.0,1164.4,17400,101.0,57,5.5,2.27,2835,5,Advanced,2025-10-24
22,59,Noor Butt,42,Male,Karachi,170.6,88.5,HIIT,33.8,404.4,6983,112.0,58,7.2,2.35,2025,3,Intermediate,2025-09-12
23,29,Sana Chaudhry,19,Female,Peshawar,169.0,66.8,Swimming,24.1,287.0,6990,115.0,52,6.1,2.93,1936,7,Beginner,2025-01-16
24,60,Hamza Khan,52,Female,Peshawar,149.5,50.4,Swimming,39.5,367.7,8443,116.0,71,7.2,4.18,1645,5,Intermediate,2025-09-11
25,37,Ayesha Malik,34,Male,Rawalpindi,174.9,80.3,Yoga,84.1,176.7,7951,129.0,57,6.4,1.42,2051,7,Professional,2025-06-01
26,1,Amna Farooq,38,Male,Islamabad,173.4,75.2,Yoga,60.2,196.6,3726,153.0,74,6.7,2.52,2226,5,Intermediate,2025-04-13
27,25,Sana Khan,26,Male,Multan,168.1,71.2,Running,46.8,556.8,14119,139.0,56,8.3,1.59,2445,4,Advanced,2025-10-02
28,37,Ayesha Malik,34,Male,,174.9,80.3,Cycling,79.0,652.3,14347,131.0,67,8.6,3.71,1596,4,Professional,2025-11-30
29,9,Imran Farooq,38,Female,Multan,151.7,56.4,Yoga,55.0,182.3,5575,139.0,66,5.1,2.05,1574,7,Intermediate,2025-09-12
30,32,Imran Ahmed,63,Male,Quetta,188.1,83.7,Walking,52.6,263.3,9911,103.0,69,6.4,1.83,1761,5,Professional,2025-06-30
31,1,Amna Farooq,38,Male,Islamabad,173.4,75.2,Weight Training,24.7,135.9,9610,133.0,66,7.7,1.32,2256,7,Intermediate,2025-07-08
32,8,Ayesha Iqbal,46,Female,Quetta,167.2,67.1,Weight Training,36.5,177.5,4501,119.0,63,10.1,3.5,2474,7,Intermediate,2025-09-03
33,49,Faisal Ahmed,49,Male,Quetta,187.4,82.9,Yoga,88.1,276.4,12105,168.0,72,5.9,1.68,1805,7,Professional,2025-10-03
34,4,Junaid Shah,45,Male,Faisalabad,176.6,68.8,Swimming,34.3,389.1,5900,134.0,82,5.1,2.36,2363,7,Intermediate,2025-02-13
35,12,Ali Siddiqui,40,Female,Faisalabad,170.5,79.8,Cycling,41.5,284.8,5952,121.0,85,8.0,2.4,2379,5,Intermediate,2025-07-28
36,33,Ali Butt,50,Female,Quetta,152.7,64.7,Weight Training,40.6,249.4,11165,140.0,68,5.6,1.92,2536,4,Intermediate,2025-05-24
37,20,Mariam Farooq,32,Female,Quetta,158.6,58.2,Cycling,41.3,318.2,8345,148.0,73,7.3,2.68,1739,7,Advanced,2025-12-14
38,22,Adeel Khan,19,Female,Multan,157.4,65.0,Weight Training,28.5,113.7,6818,98.0,64,9.3,2.54,2630,5,Beginner,2025-02-23
39,59,Noor Butt,42,Male,Karachi,170.6,88.5,Cycling,48.5,346.2,5736,134.0,58,7.5,1.78,2625,5,Intermediate,2025-09-06
40,48,Salman Shah,54,Female,Lahore,174.5,56.9,Yoga,36.4,67.7,6192,105.0,70,8.7,3.05,2543,3,Beginner,2025-10-24
41,41,Sara Shah,19,Male,Lahore,181.2,72.6,Yoga,83.7,192.0,7682,131.0,60,6.5,2.33,2106,4,Advanced,2025-12-03
42,9,Imran Farooq,38,Female,Multan,151.7,56.4,Running,32.1,-50.0,9635,110.0,66,8.9,1.8,2817,5,Intermediate,2025-03-12
43,2,Ayesha Farooq,41,Male,Quetta,171.6,80.0,Cardio,52.9,428.0,7979,148.0,70,6.3,2.16,2147,3,Advanced,2025-07-06
44,17,Kamran Chaudhry,23,Female,Faisalabad,151.6,62.3,Walking,36.2,147.4,20599,145.0,62,9.4,1.87,2485,4,Advanced,2025-09-20
45,53,Ayesha Ahmed,48,Male,Multan,197.3,79.0,Yoga,32.7,72.6,10377,120.0,73,7.0,1.86,1831,5,Beginner,2025-02-13
46,38,Mahnoor Chaudhry,54,Male,Multan,174.1,86.9,Cycling,37.2,360.5,14396,122.0,64,8.9,3.76,1990,3,Intermediate,2025-06-07
47,30,Tariq Malik,37,Male,Quetta,176.8,82.2,Swimming,36.0,481.8,12531,128.0,74,8.5,3.38,2568,3,Advanced,2025-10-11
48,31,Hina Butt,55,Male,Quetta,181.0,99.5,Running,49.7,478.2,4807,127.0,72,8.7,2.56,2144,4,Beginner,2025-09-10
49,43,Imran Butt,62,Male,Islamabad,171.1,76.5,Cardio,40.2,365.9,9093,137.0,78,6.1,1.91,3088,4,Beginner,2025-04-05
50,55,Iqra Malik,50,Female,Multan,176.9,45.0,Running,44.8,,4871,146.0,74,5.3,3.75,2190,1,Intermediate,2025-04-09
51,18,Sadia Siddiqui,45,Male,Lahore,180.1,74.9,Weight Training,37.8,,1110,128.0,57,7.0,1.87,2098,3,Beginner,2025-08-28
52,2,Ayesha Farooq,41,Male,Quetta,171.6,80.0,Running,61.4,739.8,6993,129.0,74,9.3,4.2,2373,7,Advanced,2025-12-05
53,17,Kamran Chaudhry,23,Female,Faisalabad,151.6,62.3,HIIT,68.6,890.2,11957,120.0,61,7.2,3.82,2544,5,Advanced,2025-11-25
54,37,Ayesha Malik,34,Male,Rawalpindi,174.9,80.3,Yoga,68.7,146.7,7591,126.0,66,7.1,1.46,2147,2,Professional,2025-10-18
55,60,Hamza Khan,52,Female,Peshawar,149.5,50.4,Cardio,23.7,228.7,500,118.0,70,8.0,3.48,2911,7,Intermediate,2025-07-17
56,41,Sara Shah,19,Male,Lahore,181.2,72.6,Swimming,75.1,735.5,11272,127.0,70,6.2,0.55,2146,3,Advanced,2025-01-23
57,2,Ayesha Farooq,41,Male,Quetta,171.6,80.0,Yoga,86.7,264.2,8485,146.0,49,5.6,0.64,1773,7,Advanced,2025-04-04
58,55,Iqra Malik,50,Female,Multan,176.9,45.0,Weight Training,33.7,211.6,13262,127.0,49,7.8,2.78,2236,3,Intermediate,2025-10-20
59,8,Ayesha Iqbal,46,Female,Quetta,167.2,67.1,HIIT,87.2,727.1,6511,96.0,82,6.7,2.36,2377,3,Intermediate,2025-08-16
60,45,Asad Iqbal,39,Female,Multan,164.5,45.0,Swimming,39.4,435.3,1874,,76,7.1,2.32,2360,7,Intermediate,2025-09-06
61,46,Mahnoor Raza,56,Male,Peshawar,191.7,100.1,Weight Training,45.9,249.5,6913,96.0,66,7.0,2.34,2041,6,Beginner,2025-02-12
62,11,Bilal Shah,56,Male,Lahore,179.6,80.9,Walking,63.3,170.6,5188,117.0,88,7.2,3.15,1447,7,Intermediate,2025-08-11
63,53,Ayesha Ahmed,48,Male,Multan,197.3,79.0,Running,36.2,409.1,5941,136.0,52,8.5,2.41,2483,5,Beginner,2025-09-02
64,24,Noor Khan,55,Male,Rawalpindi,184.8,61.2,Running,75.8,697.9,8442,99.0,63,8.0,1.05,2561,7,Intermediate,2025-04-03
65,52,Usman Butt,50,Male,Karachi,189.8,72.0,Walking,60.4,247.6,4438,124.0,79,8.1,2.15,2063,1,Intermediate,2025-10-21
66,28,Imran Ahmed,40,Male,Peshawar,188.1,82.8,Yoga,52.0,159.6,6629,115.0,84,6.7,3.2,2196,3,Intermediate,2025-10-08
67,26,Junaid Butt,36,Female,Faisalabad,168.2,72.3,Cycling,46.9,482.0,6330,143.0,77,4.5,1.99,2624,4,Intermediate,2025-03-06
68,28,Imran Ahmed,40,Male,Peshawar,188.1,82.8,Yoga,38.8,130.6,7914,119.0,66,6.4,1.55,2702,4,Intermediate,2025-01-18
69,41,Sara Shah,19,Male,Lahore,181.2,72.6,Walking,90.1,339.4,3334,136.0,70,7.1,2.93,2752,3,Advanced,2025-04-30
70,59,Noor Butt,42,Male,Karachi,170.6,88.5,Cardio,28.9,274.3,5012,134.0,74,4.2,1.61,2052,5,Intermediate,2025-05-02
71,8,Ayesha Iqbal,46,Female,Quetta,167.2,67.1,Yoga,28.4,105.6,6322,117.0,81,7.8,,1811,7,Intermediate,2025-07-25
72,33,Ali Butt,50,Female,Quetta,152.7,64.7,Weight Training,45.3,302.9,6324,92.0,71,5.5,,2200,6,Intermediate,2025-03-30
73,3,Sara Raza,50,Female,Faisalabad,163.7,45.0,Running,29.7,322.0,7511,121.0,77,5.8,2.72,1924,5,Beginner,2025-09-27
74,23,Tariq Ahmed,61,Male,Peshawar,188.8,54.7,Cardio,63.9,660.5,11799,131.0,65,5.6,1.94,1794,7,Intermediate,2025-10-13
75,41,Sara Shah,19,Male,Lahore,181.2,72.6,Yoga,46.9,136.6,7787,158.0,70,7.3,3.05,1962,5,Advanced,2025-04-01
76,1,Amna Farooq,38,Male,Islamabad,173.4,75.2,Weight Training,68.4,290.3,3553,156.0,65,6.1,1.5,1977,3,Intermediate,2025-12-01
77,39,Ali Butt,38,Female,Islamabad,157.7,55.2,Yoga,31.4,106.0,5421,128.0,75,6.6,2.71,2328,4,Beginner,2025-03-07
78,47,Kamran Ahmed,59,Female,Peshawar,169.3,57.5,Weight Training,43.2,269.8,4785,110.0,66,7.0,2.85,2468,6,Intermediate,2025-09-03
79,11,Bilal Shah,56,Male,Lahore,179.6,80.9,Weight Training,61.5,425.9,8134,138.0,74,7.2,2.93,2525,2,Intermediate,2025-02-02
80,34,Hamza Khan,50,Male,Rawalpindi,179.4,114.7,Walking,24.8,87.0,3643,130.0,48,5.0,2.41,2248,2,Beginner,2025-09-22
81,29,Sana Chaudhry,19,Female,Peshawar,169.0,66.8,Walking,37.2,91.7,5345,127.0,58,4.2,2.41,2625,2,Beginner,2025-07-17
82,42,Usman Shah,43,Female,Multan,164.1,68.1,Walking,20.4,86.8,1676,118.0,65,9.2,2.28,1319,7,Beginner,2025-03-06
83,42,Usman Shah,43,Female,Multan,164.1,68.1,Cycling,33.5,237.5,2875,142.0,73,6.0,3.22,1947,4,Beginner,2025-04-29
84,8,Ayesha Iqbal,46,Female,Quetta,167.2,67.1,Walking,79.6,251.6,9889,163.0,65,8.1,1.71,1925,2,Intermediate,2025-03-10
85,25,Sana Khan,26,Male,Multan,168.1,71.2,Weight Training,18.0,106.6,9163,123.0,59,5.5,2.87,1979,3,Advanced,2025-10-18
86,3,Sara Raza,50,Female,Faisalabad,163.7,45.0,HIIT,24.5,344.0,2824,116.0,58,6.2,3.57,2343,7,Beginner,2025-01-22
87,47,Kamran Ahmed,59,Female,Peshawar,169.3,57.5,Yoga,48.0,142.6,5034,162.0,63,5.5,2.14,1399,3,Intermediate,2025-07-26
88,29,Sana Chaudhry,19,Female,Peshawar,169.0,66.8,Running,23.9,336.0,4200,140.0,72,5.5,2.42,2681,7,Beginner,2025-01-18
89,9,Imran Farooq,38,Female,Multan,151.7,56.4,Running,35.3,341.8,6051,110.0,68,9.1,2.76,2099,7,Intermediate,2025-09-05
90,36,Komal Khan,45,Male,Faisalabad,181.0,82.7,HIIT,37.4,618.4,12055,157.0,61,5.8,2.21,1870,6,Advanced,2025-09-29
91,50,Sana Siddiqui,22,Male,Faisalabad,165.7,100.1,Swimming,33.4,314.6,14675,114.0,67,6.4,1.67,2368,7,Intermediate,2025-08-09
92,41,Sara Shah,19,Male,Lahore,181.2,72.6,HIIT,65.6,696.4,2559,113.0,79,7.4,2.98,2495,6,Advanced,2025-04-13
93,11,Bilal Shah,56,Male,Lahore,179.6,80.9,Yoga,26.5,71.6,5916,110.0,80,8.8,3.77,2271,3,Intermediate,2025-12-02
94,6,Mahnoor Ahmed,26,Male,Faisalabad,180.5,64.8,Cardio,29.3,247.8,8053,149.0,77,5.8,2.13,3800,3,Intermediate,2025-11-22
95,2,Ayesha Farooq,41,Male,Quetta,171.6,80.0,Weight Training,40.7,236.7,15539,116.0,66,7.3,1.71,2034,6,Advanced,2025-11-20
96,8,Ayesha Iqbal,46,Female,Quetta,167.2,67.1,Cycling,25.1,199.0,7203,149.0,60,8.3,2.42,1756,3,Intermediate,2025-11-02
97,18,Sadia Siddiqui,45,Male,Lahore,180.1,74.9,HIIT,40.9,652.4,2604,135.0,52,5.9,3.08,2181,7,Beginner,2025-10-19
98,60,Hamza Khan,52,Female,Peshawar,149.5,50.4,Weight Training,58.4,318.5,6899,157.0,80,9.0,2.27,2692,4,Intermediate,2025-10-20
99,24,Noor Khan,55,Male,Rawalpindi,184.8,61.2,Walking,57.0,176.9,7678,135.0,64,9.2,2.54,1708,5,Intermediate,2025-11-26
100,36,Komal Khan,45,Male,Faisalabad,181.0,82.7,Yoga,30.5,88.9,9974,84.0,67,7.1,2.91,2681,4,Advanced,2025-01-26
101,26,Junaid Butt,36,Female,Faisalabad,168.2,72.3,Walking,29.0,122.3,12036,127.0,59,5.5,2.37,2614,6,Intermediate,2025-03-30
102,57,Asad Malik,52,Female,Multan,170.6,49.5,Walking,38.2,147.8,10926,124.0,55,5.1,2.68,2431,7,Advanced,2025-04-02
103,17,Kamran Chaudhry,23,Female,Faisalabad,151.6,62.3,Cardio,47.2,462.3,16262,137.0,58,7.6,3.46,1956,2,Advanced,2025-03-31
104,19,Imran Butt,30,Female,Multan,145.0,69.1,Walking,44.8,173.7,13513,113.0,54,8.5,1.93,2163,7,Intermediate,2025-09-23
105,36,Komal Khan,45,Male,Faisalabad,181.0,82.7,Weight Training,60.4,411.1,10256,145.0,68,6.0,1.38,2348,6,Advanced,2025-07-12
106,60,Hamza Khan,52,Female,Peshawar,149.5,50.4,Cycling,26.0,263.7,6251,142.0,68,7.3,2.95,1921,2,Intermediate,2025-03-15
107,13,Hamza Khan,52,Male,Lahore,177.5,70.3,Weight Training,55.6,,5751,108.0,68,7.8,1.75,1599,4,Advanced,2025-05-20
108,36,Komal Khan,0,Male,Faisalabad,181.0,82.7,Cardio,54.4,644.6,10797,160.0,79,7.5,3.1,2449,6,Advanced,2025-09-22
109,25,Sana Khan,26,Male,Multan,350.0,71.2,Weight Training,54.5,441.5,10888,147.0,83,8.5,2.14,1689,3,Advanced,2025-05-27
110,34,Hamza Khan,50,Male,Rawalpindi,179.4,114.7,Yoga,20.2,33.3,5633,141.0,67,8.2,1.44,2131,2,Beginner,2025-02-21
111,10,Mahnoor Chaudhry,46,Male,Islamabad,179.1,88.7,Walking,52.9,177.4,10487,110.0,68,6.2,3.26,2254,3,Advanced,2025-08-17
112,55,Iqra Malik,50,Female,Multan,176.9,45.0,Weight Training,33.3,181.4,6755,118.0,60,7.2,2.32,2275,2,Intermediate,2025-08-21
113,14,Nida Siddiqui,44,Male,Karachi,156.7,87.9,Swimming,28.3,233.3,11010,160.0,56,7.0,3.15,1318,4,Intermediate,2025-01-27
114,7,Hamza Khan,53,Male,Rawalpindi,179.0,69.5,Swimming,15.1,152.9,7424,133.0,67,6.4,2.09,1999,4,Intermediate,2025-09-23
115,44,Sara Ahmed,49,Female,Lahore,158.6,66.0,Cardio,40.2,327.6,7064,75.0,62,5.8,1.5,2114,7,Beginner,2025-03-18
116,52,Usman Butt,50,Male,Karachi,189.8,72.0,HIIT,32.1,406.9,6812,109.0,70,7.3,1.92,2321,7,Intermediate,2025-01-07
117,27,Omar Khan,57,Female,Lahore,166.3,63.1,Cycling,38.2,301.2,12855,138.0,65,6.1,2.03,2696,5,Intermediate,2025-06-28
118,17,Kamran Chaudhry,23,Female,Faisalabad,151.6,62.3,Swimming,90.1,1121.9,9531,135.0,63,6.3,3.34,2840,5,Advanced,2025-08-16
119,27,Omar Khan,57,Female,Lahore,166.3,63.1,Running,37.1,407.2,7804,107.0,53,5.7,2.7,2234,4,Intermediate,2025-05-22
120,1,Amna Farooq,38,Male,Islamabad,173.4,75.2,Running,37.1,524.5,13682,157.0,67,7.3,1.48,2018,3,Intermediate,2025-04-19
121,13,Hamza Khan,52,Male,Lahore,177.5,70.3,Weight Training,83.2,558.5,5536,119.0,71,8.0,2.19,2279,6,Advanced,2025-10-03
122,35,Komal Iqbal,55,Female,Islamabad,168.2,62.1,Cycling,45.7,243.6,6968,129.0,48,7.0,1.69,1465,4,Intermediate,2025-02-27
123,41,Sara Shah,19,Male,Lahore,181.2,72.6,Walking,90.1,339.4,3334,136.0,70,7.1,2.93,2752,3,Advanced,2025-04-30
124,58,Komal Ahmed,58,Female,Karachi,175.7,64.5,Walking,48.5,148.7,8492,146.0,52,7.5,3.48,1716,6,Intermediate,2025-10-27
125,41,Sara Shah,19,Male,Lahore,181.2,72.6,Weight Training,80.0,562.9,10220,156.0,67,8.8,2.38,1928,4,Advanced,2025-01-27
126,45,Asad Iqbal,39,Female,Multan,164.5,45.0,Cycling,42.8,339.9,9526,126.0,62,7.3,2.23,2424,5,Intermediate,2025-08-14
127,43,Imran Butt,62,Male,Islamabad,171.1,76.5,Cycling,23.3,152.8,2825,175.0,61,7.9,1.25,2767,7,Beginner,2025-07-11
128,3,Sara Raza,50,Female,Faisalabad,163.7,45.0,HIIT,16.8,275.7,2637,116.0,62,8.2,2.26,2699,4,Beginner,2025-08-30
129,37,Ayesha Malik,34,Male,Rawalpindi,174.9,80.3,Swimming,67.3,740.2,12905,162.0,59,8.1,2.54,2477,5,Professional,2025-08-17
130,5,Imran Malik,54,Female,Peshawar,153.9,69.5,Swimming,30.9,330.1,6875,109.0,69,8.7,3.96,2215,6,Beginner,2025-03-30
131,41,Sara Shah,19,Male,Lahore,181.2,72.6,Swimming,57.3,678.6,10307,172.0,78,6.9,2.42,2852,2,Advanced,2025-07-05
132,28,Imran Ahmed,40,Male,Peshawar,188.1,82.8,HIIT,14.7,208.1,4765,105.0,58,7.7,2.44,2545,3,Intermediate,2025-08-04
133,19,Imran Butt,30,Female,Multan,145.0,69.1,Cardio,43.7,447.7,11731,154.0,70,8.0,1.99,2267,6,Intermediate,2025-03-28
134,14,Nida Siddiqui,44,Male,Karachi,156.7,87.9,Yoga,43.5,167.2,5082,126.0,65,6.4,2.91,3095,4,Intermediate,2025-07-08
135,31,Hina Butt,55,Male,Quetta,181.0,99.5,HIIT,36.3,376.9,3867,152.0,74,6.6,3.86,1675,7,Beginner,2025-12-13
136,56,Ali Farooq,27,Male,Faisalabad,170.3,67.6,Weight Training,32.9,208.1,5218,300.0,52,6.3,1.72,2386,6,Beginner,2025-04-26
137,36,Komal Khan,45,Male,Faisalabad,181.0,82.7,Walking,57.8,177.7,1506,126.0,80,7.4,1.97,2632,7,Advanced,2025-01-21
138,43,Imran Butt,62,Male,Islamabad,171.1,76.5,Cardio,27.4,220.4,9220,146.0,79,6.8,2.54,1961,7,Beginner,2025-04-12
139,51,Bilal Iqbal,46,Male,Karachi,173.3,100.5,Cardio,83.7,695.4,6932,134.0,72,8.3,2.38,1860,6,Advanced,2025-10-09
140,23,Tariq Ahmed,61,Male,Peshawar,188.8,54.7,Weight Training,48.1,264.3,12026,122.0,68,8.3,2.72,2302,7,Intermediate,2025-09-14
141,31,Hina Butt,55,Male,Quetta,181.0,99.5,Cardio,22.1,178.9,4819,130.0,76,6.2,2.88,3292,4,Beginner,2025-02-10
142,30,Tariq Malik,37,Male,Quetta,176.8,82.2,Swimming,41.0,,15567,144.0,75,6.3,1.22,2796,5,Advanced,2025-08-10
143,23,Tariq Ahmed,61,Male,Peshawar,188.8,54.7,Weight Training,48.1,264.3,12026,122.0,68,8.3,2.72,2302,7,Intermediate,2025-09-14
144,41,Sara Shah,19,Male,Lahore,181.2,72.6,Swimming,40.1,437.6,4613,145.0,59,6.0,1.33,1999,7,Advanced,2025-06-14
145,26,Junaid Butt,36,Female,Faisalabad,168.2,72.3,Running,62.2,680.6,12474,145.0,78,6.0,1.87,2338,6,Intermediate,2025-06-20
146,12,Ali Siddiqui,40,Female,Faisalabad,170.5,79.8,Cycling,40.2,301.5,4039,161.0,64,8.6,2.02,2667,2,Intermediate,2025-05-29
147,13,Hamza Khan,52,Male,Lahore,177.5,70.3,Cardio,38.8,263.4,12761,0.0,62,6.8,1.63,1985,3,Advanced,2025-07-15
148,30,Tariq Malik,37,Male,Quetta,176.8,82.2,Walking,79.1,,15480,98.0,82,7.0,1.44,2533,3,Advanced,2025-12-26
149,8,Ayesha Iqbal,46,Female,Quetta,167.2,67.1,Yoga,48.7,135.0,6086,134.0,56,5.2,1.93,2114,6,Intermediate,2025-05-21
150,16,Asad Butt,30,Male,Rawalpindi,173.5,72.9,Yoga,65.0,164.4,16423,140.0,64,6.0,2.42,2445,1,Advanced,2025-12-15
151,56,Ali Farooq,27,Male,Faisalabad,170.3,67.6,Walking,18.1,82.7,1662,139.0,72,6.7,,2089,2,Beginner,2025-05-08
152,50,Sana Siddiqui,22,Male,Faisalabad,165.7,100.1,HIIT,81.0,1136.9,4522,119.0,70,7.6,3.06,2384,3,Intermediate,2025-03-04
153,34,Hamza Khan,50,Male,Rawalpindi,179.4,114.7,Cycling,16.6,144.7,883,129.0,63,5.4,3.45,2183,3,Beginner,2025-05-17
154,28,Imran Ahmed,40,Male,Peshawar,188.1,82.8,Swimming,60.1,645.8,8568,168.0,74,5.9,1.01,2103,6,Intermediate,2025-09-04
155,34,Hamza Khan,50,Male,Rawalpindi,179.4,114.7,HIIT,34.7,389.6,6768,120.0,73,8.0,1.98,1750,7,Beginner,2025-05-19
156,59,Noor Butt,42,Male,Karachi,170.6,88.5,Yoga,50.1,160.5,12526,126.0,71,5.9,2.21,1589,1,Intermediate,2025-04-25
157,7,Hamza Khan,53,Male,Rawalpindi,179.0,69.5,Swimming,73.6,825.4,6849,147.0,71,7.7,2.64,1835,4,Intermediate,2025-03-14
158,53,Ayesha Ahmed,48,Male,Multan,197.3,79.0,Yoga,23.4,73.1,5562,147.0,73,7.8,2.66,1529,5,Beginner,2025-03-28
159,18,Sadia Siddiqui,45,Male,Lahore,180.1,74.9,Cycling,43.3,329.0,6435,109.0,67,6.8,2.68,2052,6,Beginner,2025-09-05
160,48,Salman Shah,54,Female,Lahore,174.5,56.9,Cycling,57.4,423.2,4794,121.0,73,4.6,2.1,2090,4,Beginner,2025-06-18
161,56,Ali Farooq,27,Male,Faisalabad,170.3,67.6,Cycling,35.8,284.6,5487,111.0,68,7.5,2.77,1684,3,Beginner,2025-09-23
162,48,Salman Shah,54,Female,Lahore,174.5,56.9,Yoga,36.4,67.7,6192,105.0,70,8.7,3.05,2543,3,Beginner,2025-10-24
163,10,Mahnoor Chaudhry,46,Male,Islamabad,179.1,88.7,Swimming,55.1,557.9,9239,152.0,60,6.0,3.31,2182,4,Advanced,2025-06-05
164,29,Sana Chaudhry,19,Female,Peshawar,169.0,66.8,Running,34.3,374.8,7662,158.0,58,6.7,2.53,2093,6,Beginner,2025-09-22
165,31,Hina Butt,55,Male,Quetta,181.0,99.5,Walking,29.7,163.6,2553,115.0,67,,-2.0,2309,4,Beginner,2025-07-26
166,34,Hamza Khan,50,Male,Rawalpindi,179.4,114.7,HIIT,46.9,801.8,5238,164.0,61,6.3,3.67,2521,6,Beginner,2025-08-23
167,22,Adeel Khan,19,Female,Multan,157.4,65.0,Cycling,25.6,229.1,6434,110.0,78,10.9,1.78,2117,3,Beginner,2025-12-14
168,1,Amna Farooq,38,Male,Islamabad,173.4,75.2,Swimming,51.6,482.7,8641,126.0,68,7.6,2.22,1801,4,Intermediate,2025-10-14
169,11,Bilal Shah,56,Male,Lahore,179.6,80.9,Running,14.1,163.1,9308,118.0,63,9.9,1.97,1751,7,Intermediate,2025-01-31
170,49,Faisal Ahmed,49,Male,Quetta,187.4,82.9,Swimming,24.2,216.3,19768,123.0,63,7.0,3.31,2166,6,Professional,2025-04-24
171,19,Imran Butt,30,Female,Multan,145.0,69.1,HIIT,62.4,927.0,11873,132.0,63,7.8,2.2,2435,5,Intermediate,2025-12-04
172,58,Komal Ahmed,58,Female,Karachi,175.7,64.5,Yoga,18.7,51.4,8733,135.0,64,6.7,2.76,2035,4,Intermediate,2025-10-21
173,35,Komal Iqbal,55,Female,Islamabad,168.2,62.1,Walking,27.5,112.3,8378,105.0,71,7.3,3.31,2684,2,Intermediate,2025-10-10
174,43,Imran Butt,62,Male,Islamabad,171.1,76.5,HIIT,30.1,349.2,2932,135.0,74,,2.96,2001,5,Beginner,2025-12-24
175,40,Fatima Iqbal,20,Male,Quetta,168.8,79.8,Running,42.7,434.8,8786,154.0,73,8.2,2.03,2198,3,Intermediate,2025-12-14
176,46,Mahnoor Raza,56,Male,Peshawar,191.7,100.1,Yoga,14.7,47.2,9501,102.0,69,,2.84,2207,5,Beginner,2025-11-17
177,55,Iqra Malik,50,Female,Multan,176.9,45.0,Yoga,51.7,132.5,8662,173.0,77,5.9,4.37,2475,5,Intermediate,2025-01-03
178,53,Ayesha Ahmed,48,Male,Multan,197.3,79.0,Swimming,37.0,317.9,9212,99.0,68,9.3,2.97,2534,5,Beginner,2025-09-06
179,13,Hamza Khan,52,Male,Lahore,177.5,70.3,Swimming,61.4,587.4,9282,144.0,68,5.6,1.51,1604,4,Advanced,2025-03-11
180,15,Usman Khan,49,Male,Peshawar,169.5,83.1,Cardio,44.1,362.8,9337,143.0,68,8.1,2.65,1851,3,Intermediate,2025-09-21
181,10,Mahnoor Chaudhry,46,Male,Islamabad,179.1,88.7,HIIT,59.3,805.3,16877,89.0,66,5.8,3.44,2143,5,Advanced,2025-03-12
182,41,Sara Shah,19,Male,Lahore,181.2,72.6,Walking,67.8,324.9,8930,111.0,55,3.4,2.63,2510,3,Advanced,2025-01-25
183,30,Tariq Malik,37,Male,Quetta,176.8,82.2,Cycling,42.2,371.8,11105,111.0,64,6.8,2.19,1654,3,Advanced,2025-07-18
184,6,Mahnoor Ahmed,26,Male,Faisalabad,180.5,64.8,Cycling,10.0,83.1,7362,114.0,84,8.2,1.62,2535,1,Intermediate,2025-06-05
185,59,Noor Butt,42,Male,Karachi,170.6,88.5,Yoga,10.0,36.6,1783,128.0,70,5.3,2.06,2391,5,Intermediate,2025-07-27
186,20,Mariam Farooq,32,Female,Quetta,158.6,58.2,Cardio,64.6,484.1,6656,106.0,64,7.0,2.72,1959,4,Advanced,2025-11-22
187,2,Ayesha Farooq,41,Male,Quetta,171.6,80.0,Running,53.7,725.0,3663,157.0,74,7.7,2.61,2988,6,Advanced,2025-12-07
188,10,Mahnoor Chaudhry,46,Male,Islamabad,179.1,88.7,Walking,66.9,303.7,13269,134.0,73,6.2,2.57,2013,6,Advanced,2025-07-20
189,23,Tariq Ahmed,61,Male,Peshawar,188.8,54.7,Walking,81.0,322.9,9074,165.0,60,7.0,2.28,2165,3,Intermediate,2025-12-25
190,38,Mahnoor Chaudhry,54,Male,,174.1,86.9,Yoga,60.9,173.8,7542,148.0,80,7.9,2.43,2750,7,Intermediate,2025-01-09
191,38,Mahnoor Chaudhry,54,Male,Multan,174.1,86.9,Cycling,40.2,278.3,5350,116.0,71,3.4,2.32,1764,3,Intermediate,2025-02-28
192,54,Sana Siddiqui,19,Female,Islamabad,162.5,60.4,Walking,23.0,82.3,4321,164.0,67,6.6,3.21,1751,4,Advanced,2025-04-18
193,40,Fatima Iqbal,20,Male,Quetta,168.8,79.8,Walking,44.8,182.7,9189,117.0,61,8.6,2.96,2173,7,Intermediate,2025-12-12
194,54,Sana Siddiqui,19,Female,Islamabad,162.5,60.4,Swimming,73.7,721.0,9292,150.0,78,4.2,2.4,1635,2,Advanced,2025-05-23
195,9,Imran Farooq,38,Female,Multan,151.7,56.4,Weight Training,53.1,433.8,4136,83.0,77,5.1,2.99,2672,7,Intermediate,2025-08-15
196,10,Mahnoor Chaudhry,46,Male,Islamabad,179.1,88.7,Walking,51.4,211.1,9837,110.0,73,6.9,1.71,3096,6,Advanced,2025-08-21
197,8,Ayesha Iqbal,46,Female,Quetta,167.2,67.1,Weight Training,45.5,350.1,7595,155.0,64,10.0,3.76,2148,7,Intermediate,2025-06-29
198,14,Nida Siddiqui,44,Male,Karachi,156.7,87.9,Running,59.5,813.1,3796,118.0,67,7.4,1.85,2369,2,Intermediate,2025-03-08
199,21,Komal Khan,29,Male,Lahore,174.9,57.9,Running,42.4,518.7,5609,141.0,58,6.0,2.75,1798,4,Beginner,2025-02-28
200,58,Komal Ahmed,58,Female,Karachi,175.7,64.5,HIIT,14.8,196.2,5931,115.0,60,7.0,1.86,2288,2,Intermediate,2025-12-19
201,20,Mariam Farooq,32,Female,Quetta,158.6,58.2,HIIT,66.9,830.6,2267,116.0,83,6.2,2.37,1741,6,Advanced,2025-06-24
202,17,Kamran Chaudhry,23,Female,Faisalabad,151.6,62.3,HIIT,68.7,1058.0,10446,138.0,83,8.6,2.52,2027,7,Advanced,2025-07-16
203,42,Usman Shah,43,Female,Multan,164.1,68.1,HIIT,35.7,499.6,5763,175.0,61,9.0,2.88,2563,7,Beginner,2025-06-12
204,50,Sana Siddiqui,22,Male,Faisalabad,165.7,100.1,Yoga,24.9,84.2,11977,130.0,55,7.6,3.51,2588,1,Intermediate,2025-12-22
205,19,Imran Butt,30,Female,Multan,145.0,69.1,Cycling,45.7,349.0,5592,117.0,66,6.7,2.52,2178,5,Intermediate,2025-12-08
206,59,Noor Butt,42,Male,Karachi,170.6,88.5,Walking,28.0,115.9,5531,152.0,80,7.9,1.26,2802,5,Intermediate,2025-09-19
207,18,Sadia Siddiqui,45,Male,Lahore,180.1,74.9,Swimming,26.7,265.3,8074,118.0,72,8.2,2.55,2981,6,Beginner,2025-02-10
208,46,Mahnoor Raza,56,Male,Peshawar,191.7,100.1,Cardio,34.5,302.6,6584,109.0,72,7.6,2.8,2127,6,Beginner,2025-08-09
209,34,Hamza Khan,50,Male,Rawalpindi,179.4,114.7,Cardio,38.0,-50.0,3776,151.0,69,6.0,2.67,1530,7,Beginner,2025-05-29
210,15,Usman Khan,49,Male,Peshawar,169.5,83.1,Weight Training,51.5,370.2,5905,130.0,59,7.6,2.66,2384,6,Intermediate,2025-03-25
211,38,Mahnoor Chaudhry,54,Male,Multan,174.1,86.9,Swimming,58.2,631.1,9671,106.0,55,5.3,1.76,2821,5,Intermediate,2025-11-25
212,15,Usman Khan,49,Male,Peshawar,169.5,83.1,Walking,56.7,207.4,11725,127.0,73,8.0,2.0,1378,7,Intermediate,2025-01-22
213,11,Bilal Shah,56,Male,Lahore,179.6,80.9,Running,41.2,438.5,12755,154.0,71,8.2,0.96,1870,2,Intermediate,2025-12-07
214,36,Komal Khan,45,Male,Faisalabad,181.0,82.7,Cardio,71.8,640.8,14275,104.0,57,8.0,1.57,2443,3,Advanced,2025-12-02
215,60,Hamza Khan,52,Female,Peshawar,149.5,50.4,HIIT,59.8,708.1,8152,168.0,73,8.7,3.14,2572,6,Intermediate,2025-01-26
216,53,Ayesha Ahmed,48,Male,Multan,197.3,79.0,Yoga,28.0,69.9,3780,106.0,57,5.7,3.01,1996,5,Beginner,2025-10-03
217,60,Hamza Khan,52,Female,Peshawar,149.5,50.4,Cycling,60.7,456.5,6130,147.0,75,10.0,3.48,2530,6,Intermediate,2025-01-08
218,13,Hamza Khan,52,Male,Lahore,177.5,70.3,Weight Training,65.9,383.7,500,120.0,58,9.7,2.55,2496,5,Advanced,2025-07-27
219,4,Junaid Shah,45,Male,Faisalabad,176.6,68.8,Yoga,45.5,167.9,12849,131.0,87,7.0,2.33,2546,2,Intermediate,2025-08-23
220,60,Hamza Khan,52,Female,Peshawar,149.5,50.4,Walking,52.3,201.0,2245,102.0,57,5.6,2.57,2639,4,Intermediate,2025-05-23
221,40,Fatima Iqbal,20,Male,Quetta,168.8,79.8,Cardio,44.5,304.7,8762,118.0,75,7.0,2.82,1816,4,Intermediate,2025-12-01
222,26,Junaid Butt,36,Female,Faisalabad,168.2,72.3,Swimming,29.4,259.4,11124,134.0,72,5.8,0.3,1990,7,Intermediate,2025-06-02
223,54,Sana Siddiqui,19,Female,Islamabad,162.5,60.4,Walking,58.2,223.3,3934,122.0,67,6.2,3.05,2567,2,Advanced,2025-09-15
224,27,Omar Khan,57,Female,Lahore,166.3,63.1,Running,43.9,408.7,11365,139.0,63,9.0,2.09,1703,6,Intermediate,2025-11-12
225,3,Sara Raza,50,Female,Faisalabad,163.7,45.0,Running,42.6,339.1,5769,147.0,56,-1.0,3.47,2413,6,Beginner,2025-07-24
226,15,Usman Khan,49,Male,Peshawar,169.5,83.1,Cycling,44.5,369.5,6141,156.0,78,4.9,3.25,1771,2,Intermediate,2025-04-04
227,51,Bilal Iqbal,46,Male,Karachi,173.3,100.5,HIIT,58.3,720.6,9554,159.0,69,6.0,1.93,2438,7,Advanced,2025-07-01
228,56,Ali Farooq,27,Male,Faisalabad,170.3,67.6,Walking,23.5,68.7,5749,124.0,59,4.8,2.49,2590,7,Beginner,2025-03-26
229,26,Junaid Butt,36,Female,Faisalabad,168.2,72.3,Cardio,49.9,451.0,7273,144.0,64,6.4,3.14,1805,5,Intermediate,2025-04-28
230,17,Kamran Chaudhry,23,Female,Faisalabad,151.6,62.3,HIIT,63.2,976.0,12830,149.0,70,5.2,2.34,2624,6,Advanced,2025-03-25
231,10,Mahnoor Chaudhry,46,Male,Islamabad,179.1,88.7,Running,71.6,996.8,3049,105.0,73,5.6,1.33,2946,6,Advanced,2025-04-23
232,60,Hamza Khan,52,Female,Peshawar,149.5,50.4,Yoga,54.9,142.2,12426,129.0,68,5.8,1.88,1321,7,Intermediate,2025-04-25
233,37,Ayesha Malik,34,Male,Rawalpindi,174.9,80.3,Swimming,87.6,675.4,16126,142.0,75,8.4,1.92,2080,7,Professional,2025-07-30
234,13,Hamza Khan,52,Male,Lahore,177.5,70.3,Cardio,31.5,194.5,15631,140.0,72,5.6,3.09,2310,7,Advanced,2025-01-27
235,23,Tariq Ahmed,61,Male,Peshawar,188.8,54.7,Yoga,46.8,122.6,5678,121.0,71,5.2,2.41,1916,3,Intermediate,2025-06-12
236,48,Salman Shah,54,Female,Lahore,174.5,56.9,Running,27.0,239.0,4349,149.0,78,8.2,1.06,2633,3,Beginner,2025-08-02
237,23,Tariq Ahmed,61,Male,Peshawar,188.8,54.7,Swimming,35.7,332.6,7191,,58,4.2,1.67,2608,4,Intermediate,2025-04-25
238,16,Asad Butt,30,Male,Rawalpindi,173.5,72.9,Cycling,83.9,530.1,12892,152.0,67,5.2,2.4,2783,6,Advanced,2025-04-16
239,33,Ali Butt,50,Female,Quetta,152.7,64.7,Running,56.7,583.4,8724,141.0,71,5.9,2.62,2345,5,Intermediate,2025-10-11
240,15,Usman Khan,49,Male,Peshawar,169.5,83.1,HIIT,33.2,338.5,3690,153.0,63,6.6,3.66,1751,4,Intermediate,2025-03-30
241,47,Kamran Ahmed,59,Female,Peshawar,169.3,57.5,Swimming,29.0,223.0,11916,145.0,74,6.7,1.11,3040,5,Intermediate,2025-09-28
242,23,Tariq Ahmed,61,Male,Peshawar,188.8,54.7,Cardio,36.9,316.9,6851,117.0,76,7.5,2.26,1689,7,Intermediate,2025-03-08
243,27,Omar Khan,57,Female,Lahore,166.3,63.1,Cardio,15.4,123.0,8883,135.0,61,8.5,1.97,2384,4,Intermediate,2025-01-24
244,31,Hina Butt,55,Male,Quetta,181.0,99.5,Walking,24.2,112.9,3502,137.0,64,7.0,1.94,2128,4,Beginner,2025-12-26
245,43,Imran Butt,62,Male,Islamabad,171.1,76.5,Cycling,51.3,353.3,6953,157.0,66,5.6,3.42,2281,7,Beginner,2025-06-15
246,23,Tariq Ahmed,61,Male,Peshawar,188.8,54.7,Yoga,53.8,173.2,3872,118.0,79,6.1,3.76,1981,4,Intermediate,2025-08-23
247,43,Imran Butt,62,Male,Islamabad,171.1,76.5,Cycling,31.3,236.7,2192,172.0,73,8.1,1.81,2231,6,Beginner,2025-01-21
248,43,Imran Butt,62,Male,Islamabad,171.1,76.5,Cycling,17.2,141.3,5910,104.0,62,7.5,2.64,1792,4,Beginner,2025-10-26
249,14,Nida Siddiqui,44,Male,Karachi,156.7,87.9,Cardio,50.3,546.2,6837,121.0,72,4.7,2.31,2146,4,Intermediate,2025-02-06
250,47,Kamran Ahmed,59,Female,Peshawar,169.3,57.5,Cardio,41.5,381.6,6830,140.0,66,5.6,2.57,2114,4,Intermediate,2025-01-15
251,23,Tariq Ahmed,61,Male,Peshawar,188.8,54.7,Swimming,52.8,594.7,10321,,60,7.8,2.31,1200,3,Intermediate,2025-03-21
252,54,Sana Siddiqui,19,Female,Islamabad,162.5,60.4,Weight Training,52.9,329.1,8697,99.0,80,30.0,3.64,2095,3,Advanced,2025-11-04
253,21,Komal Khan,29,Male,Lahore,174.9,57.9,HIIT,31.9,481.3,2848,123.0,71,7.3,1.43,1940,3,Beginner,2025-10-15
254,27,Omar Khan,57,Female,Lahore,166.3,63.1,Walking,44.4,127.2,2112,98.0,63,6.5,1.32,2609,5,Intermediate,2025-09-21
255,6,Mahnoor Ahmed,26,Male,Faisalabad,180.5,64.8,Swimming,54.5,740.5,8648,130.0,65,7.3,2.03,2398,5,Intermediate,2025-01-12
256,7,Hamza Khan,53,Male,Rawalpindi,179.0,69.5,Yoga,13.2,46.9,6509,129.0,63,4.8,1.87,3038,5,Intermediate,2025-11-24
257,28,Imran Ahmed,40,Male,Peshawar,188.1,82.8,Running,48.9,613.2,6414,133.0,45,6.4,3.11,2043,4,Intermediate,2025-02-24
258,36,Komal Khan,45,Male,Faisalabad,181.0,82.7,Weight Training,90.1,490.5,9090,145.0,68,5.2,2.65,2034,6,Advanced,2025-08-10
259,44,Sara Ahmed,49,Female,Lahore,158.6,66.0,Walking,14.8,51.5,8383,92.0,55,6.4,2.65,2836,4,Beginner,2025-10-06
260,38,Mahnoor Chaudhry,54,Male,Multan,174.1,86.9,Walking,40.8,188.4,5133,120.0,77,7.4,1.32,2303,2,Intermediate,2025-10-02
261,17,Kamran Chaudhry,23,Female,Faisalabad,151.6,62.3,Weight Training,52.8,299.6,8161,159.0,65,7.1,-2.0,1997,6,Advanced,2025-11-08
262,43,Imran Butt,62,Male,Islamabad,171.1,76.5,Cycling,32.8,274.8,5053,130.0,63,6.0,1.7,1643,3,Beginner,2025-12-21
263,40,Fatima Iqbal,20,Male,Quetta,168.8,79.8,Running,24.2,200.5,10567,178.0,79,7.7,2.98,2541,2,Intermediate,2025-04-17
264,3,Sara Raza,50,Female,Faisalabad,163.7,45.0,Running,23.0,187.1,4826,136.0,65,6.2,1.96,2245,3,Beginner,2025-12-10
265,25,Sana Khan,26,Male,Multan,168.1,71.2,HIIT,54.5,646.6,8251,140.0,75,8.9,2.55,2339,4,Advanced,2025-03-20
266,8,Ayesha Iqbal,46,Female,Quetta,167.2,67.1,Walking,38.8,132.0,5831,112.0,55,8.8,3.18,1286,4,Intermediate,2025-09-06
267,41,Sara Shah,19,Male,Lahore,181.2,72.6,Cardio,106.6,816.6,13658,140.0,69,8.9,2.74,1946,6,Advanced,2025-04-21
268,44,Sara Ahmed,49,Female,Lahore,158.6,66.0,Running,27.3,338.8,4420,127.0,73,6.6,2.44,2056,2,Beginner,2025-12-06
269,50,Sana Siddiqui,22,Male,Faisalabad,165.7,100.1,Cardio,35.5,347.6,8091,114.0,69,6.5,4.15,2354,4,Intermediate,2025-12-24
270,24,Noor Khan,55,Male,Rawalpindi,184.8,61.2,Swimming,30.0,252.4,6266,129.0,62,8.4,2.78,2362,5,Intermediate,2025-03-18
271,59,Noor Butt,42,Male,Karachi,170.6,88.5,Swimming,77.1,684.2,9992,109.0,55,4.4,2.93,2273,3,Intermediate,2025-05-19
272,4,Junaid Shah,45,Male,Faisalabad,176.6,68.8,Cycling,43.5,346.6,9505,119.0,70,7.7,2.66,2096,7,Intermediate,2025-07-11
273,6,Mahnoor Ahmed,26,Male,Faisalabad,180.5,64.8,Running,45.2,426.1,6278,143.0,68,7.8,4.08,1574,7,Intermediate,2025-05-12
274,56,Ali Farooq,27,Male,Faisalabad,170.3,67.6,Walking,29.0,111.2,8083,160.0,55,7.4,1.88,2100,7,Beginner,2025-10-31
275,19,Imran Butt,30,Female,Multan,145.0,69.1,HIIT,44.3,439.2,4678,118.0,51,7.1,2.3,1530,5,Intermediate,2025-03-11
276,45,Asad Iqbal,39,Female,Multan,164.5,45.0,Cycling,32.7,192.1,4226,157.0,74,,2.1,2696,4,Intermediate,2025-08-07
277,41,Sara Shah,19,Male,Lahore,181.2,72.6,Cardio,15.3,120.2,8369,133.0,78,9.6,2.72,2282,4,Advanced,2025-09-23
278,47,Kamran Ahmed,59,Female,Peshawar,169.3,57.5,Walking,40.0,185.1,8889,126.0,57,4.9,2.75,1913,7,Intermediate,2025-06-08
279,49,Faisal Ahmed,-5,Male,Quetta,187.4,82.9,Swimming,78.5,566.0,16227,163.0,65,6.6,2.63,2607,6,Professional,2025-05-12
280,4,Junaid Shah,45,Male,Faisalabad,176.6,68.8,Cardio,44.4,414.6,5757,132.0,71,8.3,2.32,2181,2,Intermediate,2025-12-16
281,47,Kamran Ahmed,59,Female,Peshawar,169.3,57.5,Swimming,22.8,236.8,13176,112.0,61,5.9,3.08,2379,2,Intermediate,2025-08-19
282,60,Hamza Khan,52,Female,Peshawar,149.5,50.4,Walking,16.3,68.7,9214,149.0,73,,3.06,2147,3,Intermediate,2025-10-16
283,1,Amna Farooq,38,Male,Islamabad,173.4,75.2,HIIT,53.2,643.3,12618,94.0,58,6.3,2.21,2786,4,Intermediate,2025-02-14
284,16,Asad Butt,30,Male,Rawalpindi,173.5,72.9,Running,58.6,625.8,14712,134.0,74,7.0,3.35,2359,4,Advanced,2025-02-10
285,47,Kamran Ahmed,59,Female,Peshawar,169.3,57.5,Walking,54.8,234.5,3082,112.0,77,8.1,1.54,1404,6,Intermediate,2025-12-16
286,27,Omar Khan,57,Female,Lahore,166.3,63.1,Cycling,54.2,406.4,8811,166.0,61,7.3,1.39,2152,5,Intermediate,2025-12-17
287,54,Sana Siddiqui,19,Female,Islamabad,162.5,60.4,Cardio,76.0,622.6,14441,147.0,82,6.1,3.59,2421,4,Advanced,2025-11-23
288,54,Sana Siddiqui,19,Female,Islamabad,162.5,60.4,Running,64.9,615.5,6734,140.0,63,7.2,2.86,2111,2,Advanced,2025-09-08
289,54,Sana Siddiqui,19,Female,Islamabad,162.5,60.4,HIIT,78.6,,13663,111.0,73,7.8,2.33,2211,3,Advanced,2025-02-09
290,15,Usman Khan,49,Male,Peshawar,169.5,83.1,Running,69.6,740.1,12855,112.0,75,7.0,1.05,1947,4,Intermediate,2025-12-24
291,50,Sana Siddiqui,22,Male,Faisalabad,165.7,100.1,Running,66.2,682.9,9032,162.0,69,8.7,1.81,2768,4,Intermediate,2025-11-30
292,10,Mahnoor Chaudhry,46,Male,Islamabad,179.1,88.7,Cardio,48.3,340.1,8166,111.0,71,5.5,2.44,2535,3,Advanced,2025-08-21
293,3,Sara Raza,50,Female,Faisalabad,163.7,-10.0,Weight Training,32.1,145.7,3331,87.0,59,6.8,3.71,2364,4,Beginner,2025-04-21
294,54,Sana Siddiqui,19,Female,Islamabad,162.5,60.4,Walking,59.7,273.5,10510,108.0,75,7.5,0.75,2698,7,Advanced,2025-10-14
295,51,Bilal Iqbal,46,Male,Karachi,173.3,100.5,Running,42.1,453.7,11622,102.0,69,7.7,3.99,1769,5,Advanced,2025-05-17
296,38,Mahnoor Chaudhry,54,Male,Multan,174.1,86.9,Cardio,27.3,282.4,5405,132.0,64,5.3,2.37,2439,4,Intermediate,2025-02-03
297,33,Ali Butt,50,Female,Quetta,152.7,64.7,Weight Training,63.1,291.9,4334,132.0,60,6.0,2.16,1653,7,Intermediate,2025-12-23
298,30,Tariq Malik,37,Male,Quetta,176.8,82.2,Swimming,69.2,596.3,15682,156.0,62,6.0,2.03,1997,7,Advanced,2025-01-14
299,55,Iqra Malik,50,Female,Multan,176.9,45.0,Yoga,55.3,145.0,7703,89.0,79,6.3,2.54,2076,3,Intermediate,2025-06-16
300,46,Mahnoor Raza,56,Male,Peshawar,191.7,100.1,Weight Training,51.2,381.8,3216,146.0,54,6.4,1.76,2627,4,Beginner,2025-05-12
301,30,Tariq Malik,37,Male,Quetta,176.8,82.2,Cardio,68.0,710.7,7025,81.0,73,7.5,1.8,1695,7,Advanced,2025-04-23
302,35,Komal Iqbal,55,Female,Islamabad,168.2,62.1,Cycling,28.8,242.0,9049,105.0,64,6.2,2.11,2577,7,Intermediate,2025-01-31
303,35,Komal Iqbal,55,Female,Islamabad,168.2,62.1,Walking,59.1,240.6,4786,118.0,55,6.6,1.09,2287,3,Intermediate,2025-07-28
304,43,Imran Butt,62,Male,Islamabad,171.1,76.5,Weight Training,36.5,203.8,5409,147.0,63,7.5,3.74,2532,7,Beginner,2025-01-06
305,37,Ayesha Malik,34,Male,Rawalpindi,174.9,80.3,Walking,88.9,342.7,7073,154.0,60,9.1,2.27,2836,4,Professional,2025-01-28
306,22,Adeel Khan,19,Female,Multan,157.4,65.0,Swimming,44.0,355.8,3227,116.0,64,5.9,2.21,2320,5,Beginner,2025-04-12
307,47,Kamran Ahmed,59,Female,Peshawar,169.3,57.5,Walking,40.0,185.1,8889,126.0,57,4.9,2.75,1913,7,Intermediate,2025-06-08
308,39,Ali Butt,38,Female,Islamabad,157.7,55.2,Yoga,38.1,82.1,6112,147.0,72,6.9,,2267,3,Beginner,2025-05-02
309,14,Nida Siddiqui,44,Male,Karachi,156.7,87.9,Running,50.0,591.3,8998,147.0,70,7.5,3.45,1933,3,Intermediate,2025-03-30
310,2,Ayesha Farooq,41,Male,Quetta,171.6,80.0,HIIT,71.3,954.0,9677,122.0,76,8.2,1.88,2362,5,Advanced,2025-02-26
311,47,Kamran Ahmed,59,Female,Peshawar,169.3,57.5,Yoga,30.7,101.7,5950,109.0,70,3.5,1.1,2129,2,Intermediate,2025-05-02
312,35,Komal Iqbal,55,Female,Islamabad,168.2,62.1,Weight Training,28.6,207.9,7204,130.0,73,7.3,3.26,2314,4,Intermediate,2025-12-16
313,12,Ali Siddiqui,40,Female,Faisalabad,170.5,79.8,Swimming,24.1,223.6,7071,96.0,73,6.7,1.39,1621,7,Intermediate,2025-03-21
314,27,Omar Khan,57,Female,Lahore,166.3,63.1,Swimming,67.5,722.9,9079,123.0,67,7.5,2.25,2464,4,Intermediate,2025-05-26
315,17,Kamran Chaudhry,23,Female,Faisalabad,151.6,62.3,Running,35.6,428.6,7321,108.0,74,6.2,2.25,1312,6,Advanced,2025-11-23
316,58,Komal Ahmed,58,Female,Karachi,175.7,64.5,Walking,43.8,128.7,3963,123.0,65,7.5,2.28,2343,4,Intermediate,2025-06-24
317,54,Sana Siddiqui,19,Female,Islamabad,162.5,60.4,HIIT,84.6,1043.1,7845,,71,4.6,3.15,1594,3,Advanced,2025-04-18
318,18,Sadia Siddiqui,45,Male,Lahore,180.1,74.9,HIIT,36.3,630.8,8902,145.0,74,8.2,2.31,2314,5,Beginner,2025-06-15
319,18,Sadia Siddiqui,45,Male,,180.1,74.9,Running,58.3,703.8,3399,158.0,60,6.3,1.58,2302,6,Beginner,2025-06-10
320,28,Imran Ahmed,40,Male,Peshawar,188.1,82.8,Walking,25.3,72.9,7230,155.0,67,7.3,2.15,2258,7,Intermediate,2025-03-27
321,45,Asad Iqbal,39,Female,Multan,164.5,45.0,Walking,33.4,161.6,5219,130.0,70,8.0,4.07,2019,4,Intermediate,2025-06-22
322,6,Mahnoor Ahmed,26,Male,Faisalabad,180.5,64.8,Running,10.0,107.0,12677,132.0,74,7.1,1.97,1303,3,Intermediate,2025-12-23
323,34,Hamza Khan,130,Male,Rawalpindi,179.4,114.7,Yoga,53.5,157.1,6372,126.0,76,8.1,1.97,1994,7,Beginner,2025-10-12
324,4,Junaid Shah,45,Male,Faisalabad,176.6,68.8,Walking,66.9,260.3,12471,152.0,64,5.2,2.72,1954,7,Intermediate,2025-07-29
325,10,Mahnoor Chaudhry,46,Male,Islamabad,179.1,88.7,Walking,69.9,248.7,4230,134.0,76,5.9,1.3,2163,7,Advanced,2025-04-08
326,18,Sadia Siddiqui,45,Male,Lahore,180.1,74.9,HIIT,26.3,296.8,5877,142.0,65,9.6,3.22,2047,3,Beginner,2025-06-21
